ImageId,EncodedPixels
1,1 83 99 33 142 198 355 33 398 198 611 32 655 197 867 32 912 195 1123 32 1169 194 1380 30 1426 192 1636 29 1683 191 1893 28 1940 190 2149 27 2197 189 2405 27 2453 189 2661 26 2709 189 2917 26 2965 189 3173 26 3221 189 3429 26 3478 188 3685 26 3734 188 3941 26 3990 188 4197 26 4246 188 4453 27 4502 189 4709 28 4758 189 4965 29 5014 189 5221 31 5270 189 5477 37 5526 189 5733 41 5781 190 5989 42 6037 190 6245 44 6293 190 6501 46 6548 191 6757 239 7013 239 7268 241 7524 241 7779 234 8017 4 8035 234 8273 4 8290 235 8530 3 8545 236 8786 4 8800 237 9042 4 9055 142 9199 94 9297 6 9311 142 9455 94 9553 6 9567 142 9711 105 9821 252 10077 398 10477 254 10733 254 10989 254 11245 2 11248 251 11505 250 11761 250 12017 250 12273 250 12529 251 12785 252 13040 253 13295 3865 17163 250 17421 149 17573 96 17678 147 17830 94 17935 145 18088 92 18192 144 18345 90 18449 99 18552 39 18602 89 18706 97 18809 38 18858 88 18963 96 19067 36 19115 86 19220 95 19324 35 19371 86 19477 93 19582 33 19627 85 19733 92 19839 31 19883 84 19990 91 20096 30 20139 84 20246 91 20353 28 20395 84 20502 91 20610 27 20651 84 20759 89 20867 26 20907 84 21015 89 21123 26 21163 85 21271 88 21379 26 21419 85 21527 88 21636 25 21675 86 21783 88 21893 24 21931 86 22039 87 22150 23 22187 86 22295 87 22406 23 22443 86 22551 86 22663 22 22699 86 22807 86 22919 22 22955 86 23063 86 23175 22 23211 86 23319 86 23431 22 23467 86 23575 86 23687 22 23723 86 23831 86 23943 22 23979 86 24086 87 24198 23 24235 86 24342 87 24454 22 24491 86 24598 88 24710 22 24747 86 24854 88 24966 22 25003 86 25109 89 25223 21 25258 87 25365 90 25479 20 25514 87 25621 90 25735 20 25769 88 25876 91 25991 20 26025 88 26132 91 26247 20 26281 39 26325 44 26388 91 26503 20 26537 37 26584 41 26643 92 26758 22 26793 36 26841 40 26899 92 27014 22 27049 36 27097 40 27155 92 27270 22 27305 35 27354 39 27411 93 27525 23 27560 36 27610 39 27666 95 27781 23 27815 37 27866 39 27922 95 28037 23 28071 37 28122 39 28177 96 28293 23 28327 37 28378 39 28433 96 28549 23 28583 37 28632 41 28689 97 28804 25 28839 37 28883 46 28945 98 29059 26 29094 39 29137 48 29201 98 29315 26 29350 38 29391 50 29457 98 29571 26 29605 92 29712 100 29826 28 29860 93 29968 101 30082 29 30115 94 30223 104 30337 30 30370 95 30479 104 30593 128 30735 242 30991 242 31247 242 31502 244 31757 246 32013 246 32269 246 32524 248 32779 249 33035 250 33290 252 33545 745 34293 252 34551 250 34807 250 35064 3 35069 244 35321 1 35325 244 35577 248 35833 248 36089 248 36345 248 36601 248 36857 248 37113 248 37369 248 37626 247 37882 247 38138 248 38395 240 38637 5 38651 238 38895 4 38907 237 39151 4 39163 236 39407 4 39419 236 39663 4 39675 235 39920 4 39931 234 40177 4 40187 234 40433 4 40443 233 40689 4 40698 234 40946 5 40953 234 41202 241 41459 240 41715 240 41971 239 42227 239 42484 237 42740 237 42997 236 43252 237 43508 237 43764 237 44020 237 44276 237 44532 3 44537 232 44789 2 44794 231 45051 92 45147 90 45238 44 45307 92 45403 89 45495 43 45562 93 45660 87 45751 43 45817 94 45916 87 46008 43 46068 3 46073 94 46173 86 46264 43 46323 100 46429 85 46520 43 46579 100 46685 86 46776 43 46834 101 46941 86 47032 44 47089 13 47103 89 47196 87 47287 46 47345 12 47361 88 47451 88 47543 47 47600 12 47617 178 47798 49 47855 12 47873 231 48110 5 48117 6 48129 234 48365 6 48373 5 48385 242 48629 5 48641 249 48897 249 49153 248 49409 248 49665 247 49921 247 50177 246 50433 246 50689 246 50945 246 51201 246 51457 246 51713 246 51969 246 52225 246 52481 246 52737 246 52993 246 53249 246 53505 246 53761 137 53900 107 54017 135 54157 106 54273 134 54413 106 54529 134 54669 105 54785 134 54925 105 55041 134 55181 105 55297 134 55437 105 55553 134 55693 104 55809 134 55949 104 56065 135 56205 104 56321 136 56461 104 56577 136 56717 105 56833 245 57089 245 57345 246 57601 246 57857 248 58113 250 58369 251 58625 252 58880 253 59135 202 59338 51 59391 202 59594 255 59850 255 60107 254 60363 254 60618 254 60875 253 61131 253 61387 146 61534 105 61643 145 61791 104 61898 145 62047 104 62154 143 62303 105 62409 144 62559 250 62815 245 63071 244 63328 243 63584 3 63589 238 63841 2 63847 236 64097 2 64104 235 64353 2 64360 236 64608 4 64614 239 64863 247 65119 247 65375 162
1,53504 1 53760 1
10,1 85 91 251 347 250 603 250 859 250 1115 250 1371 250 1627 250 1884 249 2140 250 2396 250 2651 250 2908 171 3081 76 3164 170 3338 75 3420 169 3595 74 3677 50 3732 112 3852 73 3933 49 3990 110 4108 73 4189 48 4247 108 4364 73 4445 48 4503 108 4620 73 4701 47 4759 108 4876 73 4957 47 5015 108 5133 72 5214 45 5272 107 5389 73 5470 45 5528 107 5645 73 5726 45 5785 106 5901 74 5982 45 6041 106 6157 75 6238 45 6297 42 6342 61 6412 77 6494 45 6553 41 6600 59 6666 129 6809 39 6858 57 6919 132 7065 38 7115 56 7174 133 7321 37 7371 57 7429 134 7577 36 7627 192 7833 36 7883 192 8089 36 8139 192 8345 35 8395 192 8601 34 8651 192 8857 34 8908 191 9113 34 9164 191 9367 36 9421 191 9621 38 9677 193 9874 41 9933 237 10189 236 10445 236 10701 236 10957 236 11214 235 11470 235 11726 235 11983 234 12239 234 12495 234 12751 234 13007 234 13263 234 13519 234 13775 234 14031 234 14287 234 14543 234 14799 234 15054 236 15309 239 15562 243 15817 244 16072 246 16327 248 16582 249 16837 251 17093 252 17347 2366 19716 253 19974 251 20231 250 20488 249 20745 248 21003 114 21120 129 21259 114 21377 128 21516 113 21633 128 21772 113 21889 128 22029 113 22145 128 22285 113 22401 128 22542 113 22656 129 22798 243 23054 243 23311 242 23567 242 23823 242 24079 242 24335 242 24591 242 24847 242 25103 242 25359 242 25615 242 25871 242 26127 82 26210 159 26383 80 26467 158 26639 78 26723 158 26895 76 26979 118 27099 38 27151 75 27235 118 27355 38 27406 75 27491 118 27611 38 27662 74 27747 118 27867 38 27917 75 28003 118 28123 38 28172 75 28259 118 28379 39 28427 76 28515 118 28635 40 28681 78 28771 160 28933 81 29027 243 29283 243 29539 244 29794 245 30050 247 30300 5927 36233 249 36493 244 36750 243 37006 243 37263 241 37520 240 37777 239 38033 238 38290 237 38547 236 38803 236 39059 236 39315 236 39572 235 39828 235 40085 234 40341 234 40598 233 40854 233 41110 233 41366 232 41623 231 41879 231 42135 231 42391 80 42473 148 42647 79 42730 147 42903 78 42987 146 43159 78 43243 146 43415 78 43499 109 43610 35 43670 79 43755 108 43868 33 43926 79 44011 107 44125 32 44182 80 44267 107 44382 31 44438 80 44523 106 44639 30 44693 82 44778 107 44895 30 44949 82 45033 109 45152 30 45204 195 45408 31 45460 195 45664 31 45715 197 45921 30 45971 198 46177 30 46227 199 46432 32 46482 202 46688 34 46737 242 46993 244 47246 249 47501 3699 51201 254 51457 254 51713 254 51969 2813 54783 254 55041 252 55297 252 55553 252 55809 252 56065 73 56139 178 56321 72 56398 177 56577 72 56656 249 56912 249 57169 248 57425 104 57533 140 57681 103 57789 140 57937 76 58014 25 58045 140 58193 76 58271 24 58301 140 58448 102 58557 70 58630 67 58704 101 58813 70 58887 67 58960 101 59069 70 59144 70 59215 102 59325 70 59401 171 59581 69 59658 170 59837 68 59918 165 60094 67 60175 164 60350 67 60431 164 60606 67 60688 163 60862 67 60946 161 61118 67 61203 160 61374 67 61461 1 61468 112 61583 36 61630 67 61724 111 61839 35 61886 67 61980 55 62042 48 62095 35 62141 68 62236 55 62299 46 62351 2 62355 31 62397 68 62492 55 62555 48 62613 29 62653 68 62748 55 62812 50 62870 28 62909 68 63004 54 63068 50 63127 27 63165 68 63260 54 63324 50 63383 28 63421 68 63516 54 63581 49 63639 28 63677 68 63772 54 63837 48 63896 27 63933 68 64028 54 64093 6 64101 40 64152 27 64189 6 64201 56 64284 54 64344 3 64348 7 64357 40 64408 27 64445 6 64457 56 64540 55 64599 12 64613 40 64665 26 64700 7 64714 55 64796 55 64855 54 64921 27 64956 6 64970 55 65051 56 65110 55 65177 28 65211 7 65226 55 65306 57 65366 55 65433 28 65467 7 65482 55
10,62977 2 63233 3 63489 6 63745 8 64001 8 64257 9 64513 9 64769 9 65025 9 65281 9
2,1 1049 1054 251 1311 250 1567 250 1823 251 2078 252 2333 5428 7764 253 8021 252 8277 252 8534 251 8790 251 9046 251 9302 3990 13294 253 13550 253 13807 252 14063 253 14319 254 14575 1574 16153 251 16409 250 16666 249 16923 247 17179 247 17436 245 17692 245 17949 213 18163 30 18205 212 18419 30 18461 212 18675 30 18717 212 18931 29 18974 211 19187 28 19230 211 19442 29 19486 241 19743 240 19999 240 20255 240 20511 240 20767 240 21023 62 21089 174 21279 62 21345 175 21535 62 21600 176 21791 62 21855 177 22047 242 22302 243 22558 243 22814 243 23069 241 23311 1 23325 241 23567 1 23581 241 23836 241 24091 131 24223 110 24347 130 24480 109 24603 129 24737 108 24858 129 24993 108 25113 130 25250 107 25369 130 25507 106 25624 131 25763 106 25879 132 26019 106 26134 133 26275 105 26389 134 26531 105 26644 135 26787 105 26899 136 27043 104 27154 137 27299 105 27409 138 27555 105 27665 138 27811 105 27921 138 28067 106 28176 139 28323 106 28431 140 28578 249 28834 249 29089 250 29345 250 29601 251 29857 251 30113 252 30369 28 30402 219 30624 28 30659 248 30915 248 31172 247 31429 245 31685 245 31942 243 32198 243 32455 242 32711 242 32967 242 33224 241 33480 241 33737 48 33787 190 33993 46 34047 186 34249 46 34305 184 34506 45 34561 184 34762 44 34817 106 34925 76 35018 44 35073 106 35181 76 35274 43 35329 106 35438 75 35530 43 35585 106 35694 75 35785 44 35841 107 35950 75 36041 45 36097 184 36297 45 36353 184 36553 45 36609 184 36809 45 36865 185 37065 46 37121 185 37321 46 37377 186 37577 46 37633 186 37833 46 37889 186 38088 47 38145 187 38344 47 38401 188 38600 48 38657 189 38855 49 38913 190 39111 50 39169 190 39367 51 39425 190 39623 52 39679 193 39878 54 39933 196 40133 254 40388 302 40695 249 40951 249 41207 248 41463 242 41709 2 41720 240 41976 239 42233 238 42489 238 42746 236 43002 236 43257 94 43353 141 43513 94 43610 140 43769 94 43867 140 44025 94 44123 140 44281 94 44379 89 44471 48 44537 3 44543 88 44635 88 44729 46 44793 2 44801 86 44892 87 44985 46 45049 2 45057 86 45148 87 45242 45 45305 2 45313 86 45404 86 45498 45 45561 2 45569 86 45660 86 45755 44 45816 3 45825 86 45916 86 46011 44 46071 4 46081 86 46172 86 46267 44 46327 4 46337 86 46428 86 46523 45 46583 3 46593 86 46684 86 46779 45 46837 5 46849 86 46940 86 47035 46 47093 5 47105 87 47196 86 47291 46 47349 4 47361 87 47452 86 47547 46 47605 4 47617 87 47708 87 47803 46 47862 3 47873 88 47964 87 48059 47 48118 3 48129 88 48219 88 48315 48 48365 3 48374 3 48385 178 48571 48 48621 4 48629 4 48641 179 48826 57 48884 5 48897 180 49082 63 49153 181 49337 63 49409 247 49665 246 49921 246 50177 246 50433 245 50689 245 50945 244 51201 244 51457 244 51713 245 51969 245 52225 245 52481 245 52737 138 52879 104 52993 7 53001 129 53135 104 53249 6 53257 128 53392 102 53505 6 53514 127 53649 101 53761 6 53770 126 53905 100 54017 7 54025 126 54161 100 54273 7 54281 126 54418 99 54529 134 54674 99 54785 134 54931 98 55041 134 55187 98 55297 134 55444 97 55553 134 55700 97 55809 134 55956 19 55977 76 56065 135 56213 96 56321 136 56469 96 56577 136 56725 4 56732 89 56833 136 56990 87 57089 137 57248 84 57345 137 57505 83 57601 138 57762 81 57857 139 58018 81 58113 142 58258 5 58275 2 58279 76 58369 150 58531 3 58535 76 58625 151 58787 80 58881 152 59043 80 59137 152 59299 79 59393 153 59555 78 59649 154 59812 77 59905 155 60069 76 60161 156 60325 76 60417 156 60581 76 60673 156 60837 76 60929 84 61014 72 61093 76 61185 83 61271 71 61349 76 61440 83 61528 72 61606 75 61695 84 61786 3 61790 67 61862 76 61951 84 62043 1 62047 66 62121 73 62207 84 62303 67 62378 73 62463 83 62559 69 62635 72 62718 83 62815 62 62878 6 62891 73 62973 84 63071 62 63136 5 63147 75 63228 85 63327 62 63392 5 63403 77 63483 86 63583 6 63591 54 63648 5 63659 166 63839 6 63847 54 63904 1 63906 4 63916 165 64095 6 64104 57 64163 3 64172 165 64351 6 64360 57 64419 5 64429 149 64582 11 64607 66 64676 5 64685 149 64838 11 64863 66 64933 5 64941 148 65094 11 65116 1 65118 21 65142 43 65190 4 65197 148 65350 11 65372 23 65398 43 65446 5 65453 84
2,53244 1 53500 1 53756 1
2,52736 1 52991 2 53247 2 53502 3 53758 3 54014 3 54271 2 54527 2 54784 1
3,1 113 119 251 375 251 631 252 887 186 1074 65 1143 70 1219 108 1331 65 1398 70 1479 103 1588 136 1737 101 1845 134 1993 2 1996 97 2102 132 2250 1 2253 96 2358 132 2509 96 2614 131 2765 95 2871 130 3021 95 3127 130 3277 95 3383 130 3532 95 3639 130 3787 96 3895 130 4043 96 4151 129 4299 95 4407 129 4555 95 4662 129 4811 95 4918 129 5067 95 5174 129 5323 95 5430 129 5579 95 5686 129 5834 96 5942 129 6090 96 6199 128 6346 96 6454 129 6602 97 6710 129 6858 97 6960 1 6965 129 7114 98 7215 135 7370 98 7469 136 7626 235 7882 235 8138 235 8394 235 8650 235 8905 236 9161 236 9417 235 9673 234 9929 234 10185 234 10441 234 10697 234 10953 234 11209 234 11465 234 11721 234 11976 235 12232 234 12488 234 12743 234 12999 234 13255 234 13511 234 13767 234 14023 234 14278 235 14534 235 14790 235 15045 236 15301 236 15557 236 15813 236 16068 238 16323 239 16579 239 16834 240 17089 242 17344 243 17596 247 17850 249 18105 250 18361 250 18616 252 18872 253 19127 254 19383 4390 23776 252 24033 249 24290 247 24546 243 24802 242 25058 241 25315 240 25571 239 25827 239 26083 238 26339 238 26595 238 26852 237 27108 237 27364 237 27620 237 27876 237 28132 237 28388 237 28643 238 28899 238 29155 239 29410 240 29665 242 29921 242 30177 243 30433 243 30689 244 30945 244 31200 222 31424 23 31455 222 31681 24 31711 222 31938 251 32195 50 32246 199 32452 47 32503 197 32708 47 32760 195 32965 45 33017 194 33221 45 33273 194 33477 44 33529 194 33733 44 33785 194 33989 44 34042 193 34245 44 34298 193 34501 44 34554 193 34757 44 34811 192 35013 44 35067 192 35269 44 35323 192 35525 44 35579 170 35750 21 35781 44 35835 115 35951 53 36007 20 36036 45 36091 114 36209 50 36263 20 36292 45 36347 114 36467 47 36520 19 36548 45 36603 114 36723 47 36776 19 36804 45 36859 116 36979 47 37033 19 37059 46 37115 117 37235 48 37289 19 37315 46 37370 119 37491 48 37545 20 37571 46 37625 170 37801 20 37827 46 37881 170 38057 22 38083 46 38137 170 38313 24 38338 47 38392 171 38569 72 38647 172 38825 73 38902 174 39081 74 39156 177 39336 1351 40690 252 40946 252 41203 251 41459 253 41715 178 41895 74 41971 177 42151 252 42407 252 42663 252 42919 252 43174 254 43429 100 43532 253 43788 253 44045 252 44301 252 44557 252 44812 5509 50324 252 50581 251 50837 252 51093 252 51349 243 51593 8 51605 242 51849 8 51861 242 52105 9 52116 243 52362 9 52372 244 52618 9 52628 253 52884 254 53140 3956 57099 251 57356 250 57612 249 57869 148 58026 91 58125 147 58283 89 58382 145 58540 87 58638 145 58796 87 58894 145 59053 86 59150 133 59286 9 59309 86 59406 131 59543 8 59566 84 59661 131 59800 7 59822 83 59915 132 60058 5 60079 82 60169 134 60315 4 60335 82 60423 58 60483 76 60571 5 60591 72 60667 6 60678 58 60739 76 60828 4 60848 71 60925 4 60933 58 60996 75 61085 3 61105 69 61182 65 61253 74 61341 3 61361 68 61439 64 61509 74 61597 4 61617 68 61695 64 61765 74 61853 4 61873 68 61952 63 62021 74 62110 3 62129 68 62209 62 62277 74 62366 4 62385 68 62465 62 62533 74 62622 5 62641 68 62721 62 62789 48 62839 24 62879 4 62897 68 62977 62 63045 46 63097 22 63135 4 63153 68 63233 62 63301 46 63353 22 63391 5 63409 68 63489 62 63557 25 63583 20 63609 22 63647 5 63666 68 63745 63 63813 25 63840 18 63865 22 63903 6 63922 68 64001 64 64068 26 64097 17 64121 22 64159 6 64179 67 64257 65 64323 27 64353 16 64377 22 64415 6 64435 67 64513 112 64634 21 64672 5 64690 69 64769 112 64891 20 64928 6 64946 72 65025 112 65147 20 65184 6 65202 73 65281 112 65403 20 65440 7 65457 74
3,65021 2 65277 4 65533 4
4,1 244 257 244 513 245 769 244 1025 242 1281 242 1537 242 1793 242 2049 242 2305 243 2561 244 2817 244 3073 244 3329 244 3585 245 3841 246 4097 246 4353 246 4609 131 4742 58 4804 52 4864 14 4880 115 5000 55 5062 51 5119 14 5137 112 5257 54 5319 69 5393 112 5513 53 5576 67 5650 111 5770 51 5834 65 5907 110 6027 50 6091 64 6163 110 6283 49 6347 64 6419 110 6539 48 6604 63 6676 109 6795 47 6861 61 6932 109 7051 47 7118 60 7189 108 7307 46 7375 59 7445 109 7563 46 7631 59 7702 109 7819 45 7888 58 7958 109 8075 44 8144 58 8214 109 8331 44 8401 58 8471 108 8587 44 8657 58 8727 108 8843 43 8914 57 8983 109 9099 42 9171 56 9239 110 9353 44 9427 55 9495 111 9609 43 9683 55 9751 156 9939 55 10007 156 10195 55 10263 156 10451 56 10519 156 10707 56 10775 155 10963 56 11030 156 11219 56 11286 155 11475 57 11541 156 11730 59 11797 156 11986 59 12053 157 12241 61 12308 158 12497 62 12563 160 12752 64 12818 161 13007 228 13263 228 13518 229 13774 229 14029 230 14285 232 14541 233 14796 235 15051 236 15307 237 15563 237 15818 181 16000 57 16073 181 16257 56 16329 181 16514 56 16584 182 16770 56 16839 183 17027 56 17094 184 17283 56 17349 186 17539 56 17604 189 17794 57 17859 248 18114 249 18369 250 18624 251 18878 6882 25762 57 25821 24 25848 166 26019 55 26077 23 26105 165 26275 55 26334 22 26362 164 26531 55 26591 20 26619 163 26787 55 26847 20 26875 164 27043 55 27103 20 27132 221 27359 20 27389 220 27615 20 27645 220 27871 20 27901 220 28127 20 28158 219 28383 20 28415 218 28639 20 28671 218 28895 19 28927 218 29151 19 29184 217 29405 20 29441 216 29660 21 29697 211 29911 2 29915 22 29953 210 30171 22 30209 209 30427 22 30465 209 30683 22 30721 208 30939 22 30977 208 31195 22 31233 208 31451 22 31489 208 31706 22 31745 208 31960 24 32001 208 32215 24 32257 208 32471 24 32513 208 32727 24 32769 208 32983 24 33025 208 33239 24 33281 209 33500 19 33537 210 33756 19 33793 210 34012 19 34049 210 34268 19 34305 211 34523 20 34561 212 34776 23 34817 238 35073 238 35329 238 35585 238 35841 186 36029 50 36097 186 36285 50 36353 186 36542 49 36609 186 36799 48 36865 186 37055 48 37121 186 37311 48 37377 186 37567 48 37633 186 37823 48 37889 186 38079 48 38145 186 38335 49 38401 186 38591 50 38657 187 38846 51 38913 187 39101 52 39169 241 39425 241 39681 241 39930 1 39934 245 40186 249 40442 249 40699 248 40951 2 40954 3958 44913 254 45170 253 45426 252 45682 252 45938 251 46194 251 46450 251 46706 251 46962 250 47218 250 47474 249 47731 248 47987 248 48244 247 48500 247 48756 247 49010 249 49266 249 49522 249 49777 250 50033 249 50289 249 50545 248 50800 248 51056 247 51311 248 51567 248 51823 248 52078 249 52333 22 52357 226 52589 21 52613 227 52843 23 52870 251 53127 250 53385 248 53641 248 53897 248 54154 247 54410 247 54666 246 54922 246 55178 247 55434 249 55690 249 55946 250 56202 250 56457 252 56713 252 56969 252 57224 253 57480 253 57735 204 57941 48 57991 203 58198 112 58313 136 58454 111 58569 135 58711 110 58825 135 58967 110 59082 133 59223 110 59338 133 59479 110 59594 133 59736 109 59850 133 59992 110 60106 133 60249 109 60361 133 60505 245 60761 245 61017 245 61273 245 61529 67 61597 177 61785 68 61854 176 62042 244 62298 244 62555 243 62811 243 63067 243 63324 243 63580 243 63836 243 64092 243 64348 243 64605 243 64861 243 65117 24 65143 217 65373 23 65400 46 65447 90
4,759 1
4,252 5 508 5 764 5 1020 5 1278 3 1535 2 1791 2 2047 2 2303 2 2559 2
5,1 5000 5003 254 5260 253 5516 253 5773 252 6029 252 6284 253 6540 253 6796 1917 8715 254 8971 254 9227 254 9483 2531 12015 255 12271 255 12527 255 12783 255 13039 6622 19663 54 19719 197 19920 51 19981 190 20177 50 20238 189 20434 48 20494 189 20690 47 20750 189 20947 46 21006 189 21203 46 21263 188 21460 45 21519 188 21717 44 21775 187 21973 44 22031 187 22229 44 22287 186 22485 44 22543 186 22741 44 22799 186 22997 44 23055 186 23253 44 23311 186 23509 44 23567 186 23765 44 23823 47 23872 137 24021 44 24079 46 24128 137 24276 45 24336 45 24385 136 24532 45 24592 45 24641 136 24787 46 24848 45 24897 136 25043 46 25105 44 25152 137 25299 46 25361 43 25408 137 25554 47 25617 43 25664 137 25810 47 25873 43 25920 138 26065 49 26129 43 26175 139 26321 49 26386 42 26431 140 26577 49 26642 43 26687 141 26833 50 26898 187 27088 51 27154 241 27410 242 27667 241 27923 202 28126 39 28179 201 28383 39 28435 201 28639 40 28691 201 28894 41 28947 244 29202 246 29457 247 29712 249 29967 250 30222 251 30477 1001 31481 252 31737 252 31994 251 32250 251 32506 251 32762 251 33018 251 33274 170 33445 81 33529 170 33701 254 33958 253 34215 252 34472 251 34729 250 34985 250 35242 249 35497 251 35753 251 36009 253 36264 457 36722 254 36979 252 37235 252 37491 252 37747 252 38002 253 38257 1396 39657 252 39913 251 40170 109 40282 137 40426 109 40539 136 40683 108 40795 136 40940 68 41009 37 41052 135 41196 67 41266 35 41308 135 41453 65 41523 34 41564 135 41709 65 41780 32 41821 133 41965 64 42036 31 42077 133 42221 64 42292 31 42333 133 42478 63 42548 30 42589 41 42634 87 42734 63 42804 29 42845 40 42891 86 42990 64 43060 29 43101 39 43148 85 43246 64 43316 28 43357 38 43405 84 43502 65 43572 27 43613 38 43663 82 43758 65 43829 26 43869 37 43920 81 44014 64 44085 25 44125 36 44177 80 44270 64 44341 25 44381 36 44434 79 44526 64 44597 24 44636 37 44691 78 44782 64 44853 24 44892 37 44948 77 45038 65 45109 24 45148 37 45205 76 45294 65 45364 25 45403 37 45461 76 45549 67 45619 26 45659 37 45717 76 45805 68 45875 26 45915 36 45973 76 46061 96 46171 36 46229 76 46317 96 46427 36 46485 76 46573 97 46683 36 46741 76 46829 97 46939 36 46997 76 47085 98 47195 36 47253 77 47340 99 47451 37 47509 77 47596 102 47706 38 47765 77 47852 103 47962 38 48021 78 48108 104 48217 40 48277 78 48364 104 48473 40 48533 78 48619 106 48729 40 48789 79 48875 107 48984 41 49045 80 49131 150 49301 82 49386 151 49557 236 49813 236 50069 236 50325 237 50582 236 50839 236 51095 236 51351 236 51607 236 51863 236 52119 237 52376 236 52632 236 52889 236 53145 236 53401 236 53657 236 53913 236 54169 236 54425 236 54681 237 54937 237 55193 237 55438 5 55449 238 55693 7 55704 239 55947 1864 57813 254 58070 252 58326 252 58583 250 58839 250 59096 83 59182 163 59353 27 59384 51 59439 162 59609 25 59642 49 59695 162 59865 24 59899 2 59902 45 59951 162 60122 23 60155 2 60159 43 60207 162 60379 22 60411 2 60414 44 60463 29 60493 84 60580 45 60635 22 60667 47 60719 28 60749 5 60756 4 60763 70 60837 44 60891 22 60922 48 60975 29 61006 4 61012 3 61021 53 61079 10 61094 43 61148 79 61231 29 61262 4 61268 3 61277 52 61336 9 61351 42 61404 79 61486 35 61523 3 61534 50 61593 8 61607 42 61660 117 61779 3 61790 49 61849 8 61864 41 61916 122 62046 48 62106 7 62121 40 62173 121 62303 47 62362 8 62377 40 62429 120 62559 46 62619 7 62633 40 62685 120 62815 46 62875 8 62889 40 62941 120 63071 46 63131 8 63145 40 63197 120 63327 46 63387 8 63401 41 63453 78 63533 40 63583 46 63644 7 63657 41 63709 120 63839 46 63900 7 63913 42 63964 121 64095 46 64156 8 64169 42 64220 121 64351 46 64413 7 64425 42 64475 122 64606 47 64669 8 64681 42 64731 122 64860 49 64925 8 64936 43 64987 123 65115 25 65143 21 65181 9 65191 44 65242 124 65370 26 65399 2 65402 18 65437 54 65498 39
5,25089 1
5,65368 1
6,1 119 123 252 379 252 636 250 893 248 1150 247 1406 247 1662 248 1918 248 2173 29 2203 82 2289 133 2429 112 2546 133 2685 111 2803 132 2941 111 3059 132 3197 110 3315 132 3453 110 3571 132 3709 110 3827 132 3965 110 4083 132 4220 111 4340 131 4475 112 4596 131 4731 112 4852 131 4987 112 5108 131 5242 113 5364 131 5497 114 5619 248 5875 248 6131 248 6387 248 6643 248 6899 249 7154 251 7409 252 7664 2219 9885 253 10141 253 10398 252 10655 252 10911 252 11167 252 11424 251 11680 251 11937 250 12193 250 12449 250 12705 250 12961 250 13217 250 13472 251 13727 252 13983 252 14239 252 14495 252 14751 252 15006 254 15262 267 15530 254 15787 252 16044 251 16300 250 16557 249 16813 248 17069 248 17325 248 17581 247 17837 246 18093 246 18349 245 18605 243 18861 239 19117 238 19372 237 19628 237 19884 236 20139 237 20395 236 20651 236 20907 236 21163 236 21419 236 21675 236 21931 236 22187 236 22443 236 22700 235 22956 235 23212 235 23468 235 23724 235 23981 234 24237 51 24292 179 24493 47 24549 178 24749 45 24805 178 25005 44 25062 177 25261 42 25319 176 25517 41 25575 176 25773 39 25832 175 26029 38 26088 175 26285 36 26344 176 26541 35 26600 182 26797 33 26856 183 27053 31 27112 184 27310 29 27368 185 27567 28 27624 186 27823 27 27880 187 28079 26 28136 187 28335 25 28392 188 28591 24 28648 188 28847 22 28904 189 29103 18 29160 189 29359 17 29416 189 29615 16 29672 190 29871 15 29927 192 30127 14 30183 192 30383 14 30439 193 30639 13 30695 193 30895 12 30951 10 30967 178 31151 12 31180 2 31207 9 31224 177 31407 12 31436 3 31462 8 31481 176 31662 13 31692 3 31718 7 31737 176 31918 13 31948 3 31974 6 31993 176 32174 13 32204 4 32229 6 32250 177 32429 13 32460 5 32485 6 32506 192 32716 5 32741 5 32762 192 32973 5 32996 5 33018 191 33229 6 33251 6 33275 190 33485 7 33506 7 33531 190 33741 9 33759 9 33787 190 33997 26 34043 93 34140 93 34253 26 34299 92 34397 92 34509 26 34555 90 34653 92 34765 26 34811 89 34909 92 35021 26 35067 88 35166 91 35277 26 35323 87 35422 91 35533 26 35579 86 35679 90 35789 26 35835 85 35935 90 36045 26 36091 84 36191 90 36301 26 36347 84 36447 89 36557 7 36567 16 36603 83 36703 89 36813 5 36824 15 36859 82 36959 89 37069 4 37080 15 37115 82 37215 89 37325 4 37336 15 37371 82 37471 89 37581 4 37591 17 37627 82 37727 89 37836 5 37847 17 37883 82 37983 88 38092 5 38099 2 38102 18 38139 82 38239 88 38348 6 38355 21 38395 82 38495 88 38604 29 38651 57 38710 23 38751 88 38860 29 38907 56 38967 22 39007 88 39116 29 39163 56 39223 22 39263 88 39372 29 39419 57 39479 22 39519 88 39627 30 39674 59 39735 22 39775 88 39883 30 39930 59 39991 22 40031 88 40139 30 40186 59 40247 22 40287 88 40395 30 40441 60 40503 21 40543 88 40651 31 40697 60 40759 21 40799 88 40907 31 40953 60 41015 21 41055 87 41163 32 41209 59 41271 21 41311 87 41419 32 41464 60 41527 21 41567 86 41675 32 41719 60 41783 21 41823 86 41931 33 41975 60 42039 21 42079 86 42187 34 42231 60 42295 21 42335 86 42443 34 42486 61 42551 20 42591 86 42700 34 42741 62 42807 20 42847 86 42956 36 42996 63 43063 20 43103 86 43212 104 43318 21 43360 85 43468 127 43616 84 43725 126 43873 83 43981 126 44129 82 44237 127 44385 82 44493 127 44642 81 44749 128 44898 81 45005 128 45155 80 45261 128 45411 80 45517 129 45667 80 45773 129 45926 77 46029 130 46184 74 46286 129 46441 73 46542 129 46698 72 46798 130 46955 71 47054 131 47211 71 47310 131 47467 70 47566 131 47724 69 47822 132 47980 69 48077 133 48237 68 48333 134 48493 68 48589 134 48749 68 48845 134 49005 68 49101 134 49261 68 49357 134 49517 68 49613 134 49772 69 49869 135 50028 68 50125 136 50283 69 50381 136 50539 69 50636 137 50795 69 50892 137 51051 69 51147 139 51307 69 51403 139 51563 68 51659 140 51819 68 51915 140 52075 68 52171 141 52331 68 52426 143 52586 69 52681 144 52842 69 52937 144 53097 70 53192 147 53353 70 53447 148 53609 70 53703 150 53864 70 53959 151 54119 71 54214 153 54374 71 54468 157 54629 72 54724 208 54934 23 54979 209 55191 22 55235 209 55447 22 55491 210 55703 22 55747 210 55960 15 55976 5 56003 210 56216 21 56258 212 56472 21 56514 235 56770 235 57026 235 57282 235 57539 234 57795 234 58051 234 58308 233 58565 215 58781 16 58822 214 59037 16 59079 213 59294 15 59335 214 59551 14 59591 214 59807 15 59847 215 60063 17 60101 244 60353 249 60607 981 61592 251 61849 168 62019 79 62105 168 62276 77 62362 167 62532 77 62619 166 62788 77 62875 166 63044 77 63132 165 63300 77 63389 164 63555 78 63645 244 63901 244 64157 245 64413 246 64670 245 64926 246 65182 246 65438 99
6,51382 1 51637 4 51893 5 52149 5 52404 7 52660 7 52916 7 53173 6 53429 6 53687 4 53944 2
6,40383 3 40639 3 40895 4 41151 4 41407 4 41663 4 41919 3
7,1 169 183 243 439 244 695 209 907 32 951 207 1164 30 1207 206 1421 29 1463 206 1677 29 1719 205 1933 29 1975 204 2190 28 2231 204 2446 28 2487 204 2703 27 2742 205 2959 27 2997 206 3216 25 3253 205 3472 25 3509 205 3728 25 3764 206 3985 24 4020 205 4241 24 4275 206 4497 24 4531 206 4753 24 4786 207 5009 24 5041 208 5265 24 5297 208 5521 24 5553 207 5777 24 5808 208 6034 23 6064 129 6197 75 6290 23 6319 129 6454 73 6546 23 6575 128 6711 72 6802 23 6831 128 6968 71 7058 23 7087 128 7224 71 7314 23 7343 128 7481 70 7570 23 7599 128 7738 70 7825 24 7855 127 7994 70 8081 24 8111 126 8250 71 8337 24 8367 126 8506 71 8593 24 8623 126 8762 71 8849 24 8879 126 9018 72 9105 24 9134 127 9274 73 9361 24 9390 127 9529 74 9617 25 9645 128 9785 75 9873 25 9901 128 10041 76 10129 156 10297 76 10384 157 10553 77 10639 158 10809 78 10895 158 11065 78 11151 158 11321 79 11406 160 11576 82 11661 97 11759 64 11831 182 12015 66 12084 185 12271 252 12528 250 12784 251 13041 250 13297 250 13554 249 13809 251 14065 251 14320 252 14575 3945 18521 253 18779 250 19037 248 19294 246 19551 244 19807 244 20063 244 20320 243 20576 243 20832 242 21089 241 21345 241 21601 241 21857 241 22113 241 22369 241 22625 241 22881 241 23137 241 23393 241 23649 241 23905 23 23931 36 23971 176 24161 22 24187 36 24228 175 24417 22 24443 35 24484 175 24673 22 24699 34 24740 175 24928 23 24956 33 24997 174 25184 23 25212 33 25253 174 25440 23 25468 33 25509 175 25695 24 25724 33 25765 175 25951 25 25979 34 26021 176 26207 26 26235 34 26277 176 26463 63 26533 176 26719 64 26789 176 26974 65 27046 1 27048 174 27229 66 27302 1 27304 175 27485 67 27558 1 27560 176 27740 68 27813 252 28069 252 28325 252 28580 8 28591 252 28848 250 29106 248 29363 246 29619 69 29689 175 29876 68 29945 174 30132 242 30388 241 30644 240 30899 240 31155 240 31409 241 31664 242 31920 241 32175 242 32431 242 32687 241 32943 241 33198 241 33454 241 33709 242 33965 242 34221 242 34477 241 34733 241 34989 240 35245 240 35501 240 35757 240 36013 240 36269 240 36526 239 36782 240 37038 240 37294 241 37549 242 37805 242 38061 242 38316 243 38572 243 38828 243 39083 244 39339 244 39594 245 39849 246 40105 247 40361 247 40617 248 40872 250 41127 252 41383 2224 43609 253 43865 252 44122 99 44223 150 44378 95 44480 149 44635 92 44737 147 44891 92 44993 147 45147 92 45249 147 45403 91 45505 146 45659 90 45762 145 45915 90 46018 145 46171 40 46214 47 46274 145 46427 40 46471 46 46530 145 46683 39 46728 45 46786 62 46849 82 46939 39 46985 44 47042 60 47105 82 47195 38 47241 44 47298 59 47361 82 47451 39 47498 43 47554 58 47617 82 47707 40 47754 43 47809 58 47873 82 47962 41 48011 42 48065 58 48129 82 48217 42 48267 42 48320 58 48385 83 48473 42 48523 42 48576 57 48641 131 48780 41 48831 58 48897 131 49037 40 49087 58 49153 131 49293 40 49342 58 49409 130 49550 40 49597 58 49665 130 49806 41 49851 60 49921 130 50063 41 50105 62 50177 130 50319 103 50433 130 50575 103 50689 129 50832 102 50945 128 51089 101 51201 128 51345 101 51457 128 51601 101 51713 128 51857 101 51969 128 52113 102 52225 128 52370 101 52481 128 52626 101 52736 128 52883 100 52991 129 53139 100 53246 129 53395 101 53499 130 53651 102 53754 130 53907 232 54162 233 54418 233 54674 233 54931 232 55187 233 55443 106 55551 125 55699 105 55808 125 55955 106 56064 125 56211 106 56319 127 56467 235 56723 236 56979 236 57235 236 57491 237 57746 117 57867 118 58002 116 58124 117 58257 116 58381 117 58513 115 58638 117 58769 115 58894 117 59024 115 59151 116 59280 115 59407 46 59457 68 59535 116 59663 46 59714 68 59790 116 59919 46 59972 189 60175 46 60230 182 60414 3 60432 45 60487 180 60671 2 60688 45 60743 180 60927 2 60944 45 61000 178 61183 2 61200 45 61256 177 61439 2 61456 45 61513 175 61695 2 61712 45 61769 175 61951 2 61968 45 62025 174 62207 2 62224 45 62281 174 62464 1 62480 45 62537 174 62720 1 62736 45 62793 174 62992 45 63050 173 63249 44 63306 173 63505 44 63562 172 63760 46 63817 5 63824 166 64016 46 64073 4 64081 32 64115 131 64271 48 64328 5 64337 32 64372 130 64526 49 64584 5 64593 32 64631 128 64780 51 64839 7 64848 33 64888 127 65036 51 65095 42 65145 127 65291 52 65351 42 65402 127
7,64769 2 65025 2 65281 2
7,65276 1 65531 2
7,64767 2 65023 2 65279 2 65535 2
8,1 164 179 27 212 209 435 28 468 209 691 28 724 209 947 27 980 209 1203 26 1237 208 1459 25 1493 208 1715 26 1749 208 1971 26 2005 208 2227 26 2261 208 2483 26 2517 208 2739 27 2773 209 2995 27 3029 210 3251 28 3285 210 3506 30 3541 210 3761 32 3797 211 4013 2 4017 32 4053 211 4269 36 4308 214 4525 36 4564 214 4781 36 4819 216 5037 36 5075 694 5771 255 6027 2102 8132 69 8205 178 8389 68 8462 177 8645 68 8718 65 8784 109 8901 68 8974 65 9040 109 9157 68 9230 175 9414 67 9486 175 9670 67 9742 175 9927 67 9998 175 10183 68 10253 176 10439 246 10695 246 10951 246 11207 246 11463 246 11719 246 11974 247 12229 249 12485 250 12741 250 12996 149 13147 101 13251 146 13408 97 13506 146 13666 241 13924 239 14181 236 14438 149 14589 84 14694 147 14847 81 14951 145 15105 78 15207 145 15361 78 15463 144 15617 77 15719 144 15873 76 15975 144 16129 76 16232 143 16385 75 16488 143 16641 74 16745 142 16897 74 17001 142 17153 73 17257 142 17409 73 17513 142 17665 72 17769 142 17921 72 18025 142 18177 72 18281 142 18433 72 18537 142 18689 72 18793 142 18945 72 19049 142 19201 72 19305 142 19457 73 19562 141 19713 73 19818 52 19871 88 19969 73 20074 50 20132 83 20225 73 20330 49 20389 82 20481 72 20586 49 20645 82 20737 72 20842 49 20901 82 20993 72 21098 48 21157 82 21249 72 21354 47 21413 82 21504 73 21610 47 21669 82 21759 74 21866 47 21925 82 22015 74 22122 47 22181 82 22271 74 22378 47 22437 82 22527 74 22634 46 22693 82 22783 74 22890 46 22949 82 23039 74 23146 45 23206 81 23295 74 23401 46 23462 81 23551 74 23657 46 23718 82 23806 75 23913 46 23974 82 24062 75 24169 46 24230 84 24317 10 24329 64 24425 46 24486 95 24585 64 24681 46 24742 95 24842 62 24936 47 24997 96 25098 62 25192 47 25253 96 25354 61 25448 47 25509 96 25610 61 25703 49 25765 96 25866 61 25959 49 26021 96 26121 62 26215 49 26277 96 26377 62 26471 50 26533 97 26632 63 26727 50 26788 163 26982 52 27043 164 27237 53 27299 164 27493 54 27554 166 27748 56 27809 167 28003 58 28064 168 28259 230 28514 231 28769 10 28781 220 29025 9 29038 219 29281 8 29295 218 29537 8 29552 218 29793 8 29809 217 30049 8 30065 218 30305 8 30322 217 30560 9 30578 217 30816 8 30835 217 31071 7 31092 216 31327 6 31350 215 31583 6 31607 214 31839 6 31863 215 32094 6 32120 214 32349 7 32377 214 32605 6 32634 213 32861 6 32890 213 33117 6 33147 213 33373 6 33403 213 33628 7 33659 214 33884 7 33915 117 34037 93 34139 8 34171 116 34294 93 34394 9 34428 115 34552 92 34649 10 34684 115 34810 105 34941 114 35067 104 35197 114 35323 104 35453 114 35580 103 35709 114 35837 102 35965 114 36093 102 36222 113 36349 102 36478 113 36605 103 36734 113 36862 102 36990 114 37118 103 37246 114 37373 104 37502 115 37629 104 37758 115 37885 104 38013 116 38141 104 38269 116 38397 104 38525 116 38652 105 38781 10 38794 104 38907 106 39037 9 39051 104 39163 107 39292 10 39307 104 39418 108 39548 9 39564 104 39673 110 39803 10 39820 105 39928 111 40059 10 40077 218 40315 10 40333 218 40571 10 40589 218 40827 10 40845 167 41013 50 41083 10 41101 166 41270 50 41339 10 41357 166 41527 49 41595 10 41613 166 41783 50 41851 10 41868 167 42039 50 42107 10 42124 167 42295 50 42362 12 42379 169 42551 50 42618 12 42635 169 42807 51 42873 13 42890 225 43129 243 43385 245 43641 246 43896 248 44151 250 44407 251 44663 252 44918 322 45242 253 45499 250 45755 76 45833 171 46011 75 46089 170 46267 74 46346 169 46523 74 46602 169 46779 74 46858 169 47035 74 47113 170 47291 249 47547 249 47803 250 48059 250 48315 251 48570 3534 52107 252 52363 252 52620 251 52876 250 53133 249 53389 248 53645 248 53901 248 54157 248 54413 113 54527 134 54669 113 54783 135 54925 249 55181 249 55437 249 55693 249 55949 250 56204 251 56459 252 56715 253 56971 254 57227 805 58035 252 58291 251 58547 251 58803 251 59059 251 59315 251 59571 91 59665 157 59827 90 59921 156 60083 90 60178 155 60339 90 60435 154 60595 91 60691 154 60851 91 60947 154 61107 92 61203 153 61363 92 61459 153 61619 92 61715 153 61875 93 61971 153 62131 94 62227 154 62387 964 63352 1531 64886 253 65143 204 65349 46 65400 137
8,17917 2 18173 2 18429 2
9,1 440 443 254 700 252 956 252 1213 251 1469 251 1725 251 1981 250 2237 251 2493 251 2749 251 3006 250 3263 1 3266 246 3523 245 3781 194 3979 45 4037 192 4237 42 4294 190 4493 42 4551 189 4750 41 4807 189 5007 40 5064 187 5263 40 5321 187 5519 39 5577 187 5776 38 5833 188 6032 37 6089 188 6288 37 6346 187 6544 37 6602 188 6800 36 6840 1 6859 187 7055 37 7095 2 7115 188 7311 37 7351 2 7371 188 7567 42 7627 188 7823 42 7883 189 8079 42 8139 190 8334 43 8395 192 8589 44 8651 238 8907 238 9164 237 9420 237 9676 237 9933 236 10189 236 10445 236 10701 236 10957 236 11213 236 11469 236 11724 237 11980 237 12236 238 12492 238 12747 240 13002 241 13257 242 13513 242 13768 244 14024 244 14279 246 14535 247 14790 249 15046 249 15301 252 15555 3645 19201 255 19457 254 19713 254 19969 255 20225 255 20481 255 20737 916 21656 252 21913 251 22169 250 22425 250 22681 99 22781 150 22938 98 23038 149 23194 98 23294 149 23450 99 23550 149 23707 248 23963 9 23977 6 23984 227 24219 9 24233 6 24241 226 24476 8 24489 6 24497 226 24732 8 24746 5 24753 226 24988 8 25002 5 25009 226 25244 8 25258 6 25265 226 25500 8 25514 6 25521 30 25553 194 25756 8 25770 37 25814 189 26012 8 26026 36 26071 189 26268 8 26283 4 26289 29 26327 2 26331 185 26525 8 26539 4 26545 29 26587 185 26781 9 26794 36 26844 185 27037 9 27050 35 27102 183 27293 9 27308 33 27358 183 27550 8 27564 33 27614 183 27806 9 27818 35 27870 183 28063 47 28126 183 28319 48 28381 184 28575 50 28626 5 28637 185 28832 247 29088 247 29344 248 29600 248 29856 249 30111 251 30366 253 30621 2250 32873 253 33130 253 33387 252 33643 252 33899 252 34155 252 34412 251 34670 249 34929 246 35185 246 35442 245 35698 246 35953 248 36210 248 36467 247 36723 248 36979 248 37235 248 37491 247 37747 247 38003 246 38259 246 38515 245 38771 245 39027 245 39283 244 39539 245 39795 245 40051 246 40307 246 40563 246 40819 247 41075 248 41330 249 41585 120 41706 129 41840 121 41963 254 42219 254 42475 3861 46337 254 46593 254 46849 254 47105 254 47361 253 47617 252 47873 251 48129 250 48385 250 48641 250 48897 250 49153 249 49409 248 49665 246 49921 244 50177 244 50433 243 50689 242 50945 242 51201 242 51457 242 51713 242 51969 136 52108 102 52225 132 52368 98 52481 132 52625 97 52737 131 52883 95 52993 130 53139 94 53249 129 53395 94 53505 128 53651 94 53761 128 53908 93 54017 128 54164 93 54273 128 54420 93 54529 128 54677 92 54785 127 54932 93 55041 127 55188 93 55297 126 55443 94 55553 126 55699 94 55809 126 55955 94 56065 126 56211 94 56321 126 56467 94 56577 126 56722 95 56833 126 56978 15 56995 78 57089 126 57233 16 57251 78 57345 7 57355 116 57489 15 57507 78 57601 6 57612 115 57745 14 57763 78 57857 5 57869 114 58001 14 58019 78 58113 4 58126 113 58257 14 58275 78 58369 3 58383 113 58513 14 58531 78 58625 2 58639 114 58769 14 58787 78 58881 2 58895 114 59025 15 59043 78 59137 1 59151 114 59281 15 59299 78 59407 114 59537 16 59555 78 59663 50 59714 63 59792 97 59919 48 59971 62 60047 98 60175 48 60227 63 60303 98 60431 48 60484 62 60559 98 60688 47 60740 63 60814 99 60944 47 60997 62 61069 100 61183 2 61201 46 61253 62 61324 101 61438 3 61457 46 61509 63 61579 102 61693 4 61713 46 61765 64 61834 103 61949 4 61969 46 62021 57 62079 68 62155 38 62206 3 62225 46 62277 57 62336 65 62414 35 62462 3 62481 46 62533 57 62591 24 62618 38 62672 33 62718 3 62737 46 62789 80 62875 37 62929 32 62964 3 62973 4 62993 46 63045 78 63132 35 63187 38 63229 4 63249 46 63301 78 63389 34 63444 37 63485 4 63505 46 63557 57 63615 20 63645 33 63701 38 63741 4 63760 47 63812 58 63872 18 63901 33 63957 44 64016 48 64068 77 64158 31 64214 43 64271 49 64323 78 64414 31 64470 45 64525 52 64578 77 64670 31 64726 46 64779 132 64926 31 64982 49 65035 132 65182 31 65238 185 65438 31 65494 43
9,52479 2 52733 4 52988 5 53243 6 53499 6 53755 6 54011 6 54267 6 54523 6 54779 6 55035 6 55292 5 55549 4 55806 3 56063 2 56319 2 56576 1
